5.ogg,WaRis-MattohTi,Designant
11.ogg,Fantasia,Sonata Destiny (orzmic)
13.ogg,USAO,Cyaegha
blocks.ogg,t+pazolite,You are the Miserable
cat.ogg,HyuN,Cross†Revolution
chirp.ogg,HyuN,Cross†Soul
creator.ogg,水月陵,風の止まり木
far.ogg,HyuN,First Emotion
mall.ogg,HyuN,Girl in The Dark For The Light
mellohi.ogg,HyuN,Grin
otherside.ogg,HyuN,How To Forget You
pigstep.ogg,HyuN,Infinity Heaven
precipice.ogg,"Orangestar, IA",Alice in 冷凍庫
relic.ogg,HyuN,Soulwind
stal.ogg,"HyuN, LyuU",Cross†Over
strad.ogg,"HyuN, yuri",disorder
wait.ogg,xi,Longinus
ward.ogg,Porter Robinson Madeon,Shelter
